start_time,end_time,FILE-CREATE,FILE-DELETE,FILE-MODIFY,FILE-READ,FILE-WRITE,FILE-RENAME,PROCESS-CREATE,PROCESS-OPEN,PROCESS-TERMINATE,REGISTRY-ADD,REGISTRY-EDIT,REGISTRY-REMOVE
15:36:00,15:47:43,0.048261949099937924,0.029174425822470516,0.38376784605834885,0.2149286157666046,0.13919925512104284,0.023277467411545624,0.005431409062693979,0.1426132836747362,0.006362507759155804,0.00015518311607697082,0.006828057107386716,0.0
